{
  "VersionSinceUpdate": "1.4.1.3",
  "DebugModeInfo": false,
  "DegugModeUI": false,
  "DebugModeReset": false,
  "DefaultBookEnabled": true,
  "EnableSharedInventoryRecipesViaRecipeHack": false,
  "HidePageTicksUI": false,
  "BookPositionX": 64.0,
  "BookPositionY": 260.0,
  "PagePositionX": 192.0,
  "PagePositionY": 260.0,
  "PageTicksPositionX": 32.0,
  "PageTicksPositionY": 254.0,
  "ChestOnOffsetX": 0.0,
  "ChestOnOffsetY": 168.0,
  "CanSwitchBooks": true,
  "CanScrollPages": true,
  "CanAddPages": true,
  "CanDeletePages": true,
  "MaxPages": 99,
  "ScrollModeEnabled": true,
  "HideScrollModeIcon": false
}