{
  "Toggles": {
    "Boreal": true,
    "Ebon": true,
    "Shade": true,
    "Mahogany": true,
    "Palm": true,
    "Pearl": true,
    "Adamantite": true,
    "Cobalt": true,
    "AncientCobalt": true,
    "Mythril": true,
    "Orichalcum": true,
    "Palladium": true,
    "PalladiumOrb": true,
    "Titanium": true,
    "Copper": true,
    "IronS": true,
    "IronM": true,
    "Tin": true,
    "Tungsten": true,
    "TungstenProj": true,
    "Obsidian": true,
    "Gladiator": true,
    "Gold": true,
    "Huntress": true,
    "Valhalla": true,
    "SquirePanic": true,
    "Bee": true,
    "Beetle": true,
    "Cactus": true,
    "Pumpkin": true,
    "Spider": true,
    "Turtle": true,
    "Chlorophyte": true,
    "Crimson": true,
    "Frost": true,
    "Snow": true,
    "Jungle": true,
    "JungleDash": true,
    "Molten": true,
    "MoltenE": true,
    "Rain": true,
    "Shroomite": true,
    "ShroomiteShroom": true,
    "DarkArt": true,
    "Apprentice": true,
    "Necro": true,
    "AncientShadow": true,
    "Shadow": true,
    "Monk": true,
    "Shinobi": true,
    "ShinobiDash": true,
    "Spooky": true,
    "Fossil": true,
    "Forbidden": true,
    "Hallowed": true,
    "HallowS": true,
    "Silver": true,
    "SilverSpeed": true,
    "Spectre": true,
    "Tiki": true,
    "Meteor": true,
    "Nebula": true,
    "Solar": true,
    "SolarFlare": true,
    "Stardust": true,
    "VortexS": true,
    "VortexV": true,
    "Melee": true,
    "MagmaStone": true,
    "YoyoBag": true,
    "MoonCharm": true,
    "NeptuneShell": true,
    "Sniper": true,
    "Universe": true,
    "MiningHunt": true,
    "MiningDanger": true,
    "MiningSpelunk": true,
    "MiningShine": true,
    "Builder": true,
    "DefenseStar": true,
    "DefenseBee": true,
    "DefensePanic": true,
    "DefenseFleshKnuckle": true,
    "DefensePaladin": true,
    "RunSpeed": true,
    "Momentum": true,
    "Supersonic": true,
    "SupersonicJumps": true,
    "SupersonicRocketBoots": true,
    "SupersonicCarpet": true,
    "SupersonicFlower": true,
    "SupersonicTabi": true,
    "SupersonicClimbing": true,
    "CthulhuShield": true,
    "BlackBelt": true,
    "Trawler": true,
    "TrawlerJump": true,
    "TrawlerSpore": true,
    "Eternity": true,
    "MasoAeolus": true,
    "MasoIcon": true,
    "MasoIconDrops": true,
    "MasoGraze": true,
    "MasoGrazeRing": true,
    "MasoDevianttHearts": true,
    "MasoFishron": true,
    "MasoSlime": true,
    "SlimeFalling": true,
    "MasoEye": true,
    "MasoHoney": true,
    "MasoSkele": true,
    "MasoConcoction": true,
    "MasoCarrot": true,
    "MasoRainbow": true,
    "MasoFrigid": true,
    "MasoNymph": true,
    "MasoSqueak": true,
    "MasoPouch": true,
    "MasoClipped": true,
    "TribalCharm": true,
    "MasoLightning": true,
    "MasoProbe": true,
    "MasoEater": true,
    "MasoBrain": true,
    "MasoPugent": true,
    "MasoCultist": true,
    "MasoPlant": true,
    "MasoGolem": true,
    "MasoBoulder": true,
    "MasoCelest": true,
    "MasoVision": true,
    "MasoPump": true,
    "MasoFlocko": true,
    "MasoUfo": true,
    "MasoGrav": true,
    "MasoGrav2": true,
    "MasoTrueEye": true,
    "MasoAbom": true,
    "MasoRing": true,
    "MasoReviveDeathray": true,
    "PetLantern": true,
    "PetBlackCat": true,
    "PetCompanionCube": true,
    "PetCursedSapling": true,
    "PetDino": true,
    "PetDragon": true,
    "PetEater": true,
    "PetEyeSpring": true,
    "PetFaceMonster": true,
    "PetGato": true,
    "PetHornet": true,
    "PetLizard": true,
    "PetMinitaur": true,
    "PetParrot": true,
    "PetPenguin": true,
    "PetPup": true,
    "PetSeed": true,
    "PetDG": true,
    "PetSnowman": true,
    "PetGrinch": true,
    "PetSpider": true,
    "PetSquash": true,
    "PetTiki": true,
    "PetShroom": true,
    "PetTurtle": true,
    "PetZephyr": true,
    "PetHeart": true,
    "PetNavi": true,
    "PetFlicker": true,
    "PetOrb": true,
    "PetSuspEye": true,
    "PetWisp": true
  },
  "TogglerPosition": {
    "X": 776,
    "Y": 191
  },
  "Toggles.SilverSpeed": true,
  "Toggles.BlackBelt": true,
  "Toggles.JungleDash": true,
  "Toggles.DefensePaladin": true,
  "Toggles.MasoGrazeRing": true
}