{
  "Daybloom": 1250,
  "Moonglow": 2500,
  "Blinkroot": 1250,
  "Deathweed": 5000,
  "Waterleaf": 2500,
  "Fireblossom": 6000,
  "Pumpkin": 1250,
  "JungleSpore": 3000,
  "NaturesGift": 3000,
  "Coral": 2500,
  "Cactus": 1250,
  "Mushroom": 1250,
  "VileMushroom": 2500,
  "GlowingMushroom": 1250,
  "TealMushroom": 5000,
  "GreenMushroom": 5000,
  "SkyBlueFlower": 5000,
  "YellowMarigold": 5000,
  "BlueBerries": 5000,
  "LimeKelp": 5000,
  "OrangeBloodroot": 5000,
  "PinkPricklyPear": 5000,
  "StrangePlant1": 35000,
  "StrangePlant2": 35000,
  "StrangePlant3": 35000,
  "StrangePlant4": 35000
}