{
  "AltStaffs": true,
  "MagicStones": true,
  "GodStone": true,
  "DemonCrown": true,
  "HeartLocket": true,
  "Magnet": true,
  "NinjaGear": true,
  "ReinforcedVest": true,
  "AncientForges": true,
  "RedBrickFurniture": true,
  "AncientMuramasa": true,
  "GasterBlaster": true,
  "SpearofJustice": true,
  "WormholeMirror": true,
  "WormholePhone": true,
  "CellPhoneResprite": true,
  "RodofWarping": true,
  "RodofWarpingChaosState": 1.0,
  "EmblemofDeath": true,
  "BuildingMaterials": true,
  "BaseballBats": true,
  "AncientOrb": true,
  "ExtraDyes": true,
  "Autofisher": true,
  "MechanicsRodOften": true,
  "ChestVacuum": true
}