{
  "VersionSinceUpdate": "4.4.0.5",
  "DebugModeHelpersInfo": false,
  "DebugModeNetInfo": false,
  "DebugModeUnhandledExceptionLogging": true,
  "DebugModeDumpAlsoServer": false,
  "DebugModeResetCustomEntities": false,
  "DebugModeCustomEntityInfo": false,
  "DebugModeDisableSilentLogging": false,
  "DebugModePacketInfo": false,
  "UseCustomLogging": false,
  "UseCustomLoggingPerNetMode": false,
  "UseAlsoNormalLogging": false,
  "DisableControlPanel": false,
  "DisableControlPanelHotkey": false,
  "ControlPanelIconX": 0,
  "ControlPanelIconY": 0,
  "AddCrimsonLeatherRecipe": true,
  "WorldModLockEnable": true,
  "WorldModLockMinimumOnly": true,
  "ModCallCommandEnabled": true,
  "ModIssueReportErrorLogMaxLines": 100,
  "IsServerHiddenFromBrowser": false,
  "IsServerHiddenFromBrowserUnlessPortForwardedViaUPNP": true,
  "IsServerPromptingUsersBeforeListingOnBrowser": true,
  "PacketRequestRetryDuration": 240,
  "InboxIconPosX": 2,
  "InboxIconPosY": 80,
  "PingUpdateDelay": 900,
  "IsServerGaugingAveragePing": true,
  "IsCheckingModVersions": true,
  "IsCheckingModTags": true,
  "DisableJudgmentalTags": true,
  "DisableModTags": false,
  "DisableModRecommendations": false,
  "DisableModMenuUpdates": false,
  "DisableSupportLinks": false,
  "MagiTechScrapMechBossDropsEnabled": false,
  "CoalAsTile": true,
  "PrivilegedUserId": ""
}