{
  "DropTriesForAllEnemyDroppedLoot": 1,
  "NormalModeLootMultiplierForLootWithSeperateDifficultyRates": 0.5,
  "=================================================================================================GB1": 0,
  "|                                            GRAB BAGS                                             |": 0,
  "=================================================================================================GB2": 0,
  "CrateDungeonBoneWelder": 0.2,
  "CrateEnchantedSundialGoldenIncrease": 0.45,
  "CrateEnchantedSundialIronIncrease": 0.2333,
  "CrateEnchantedSundialWoodenIncrease": 0.12,
  "CrateJungleAnkeltOfTheWindIncrease": 0.0,
  "CrateJungleFeralClawsIncrease": 0.0,
  "CrateJungleFlowerBoots": 0.25,
  "CrateJungleLeafWand": 0.0,
  "CrateJungleLivingLoom": 0.0,
  "CrateJungleLivingMahoganyWand": 0.0,
  "CrateJungleLivingWoodWand": 0.0,
  "CrateJungleRichMahoganyLeafWand": 0.0,
  "CrateJungleSeaweed": 0.25,
  "CrateJungleStaffOfRegrowth": 0.0,
  "CrateSkySkyMill": 0.3333,
  "CrateFlippersGolden": 0.0,
  "CrateFlippersIron": 0.0,
  "CrateFlippersWooden": 0.0,
  "CrateWaterWalkingBootsGolden": 0.0,
  "CrateWaterWalkingBootsIron": 0.0,
  "CrateWaterWalkingBootsWooden": 0.0,
  "CrateWoodenAgletIncrease": 0.0,
  "CrateWoodenClimbingClawsIncrease": 0.0,
  "CrateWoodenRadarIncrease": 0.0,
  "PresentCandyCaneBlock": 0.0,
  "PresentCandyCaneHook": 0.0,
  "PresentCandyCanePickaxe": 0.0,
  "PresentCandyCaneSword": 0.0,
  "PresentChristmasPudding": 0.0,
  "PresentCoal": 0.0,
  "PresentDogWhistle": 0.0,
  "PresentEggnog": 0.0,
  "PresentFruitcakeChakram": 0.0,
  "PresentGingerbreadCookie": 0.0,
  "PresentGreenCandyCaneBlock": 0.0,
  "PresentHandWarmer": 0.0,
  "PresentHardmodeSnowGlobe": 0.0,
  "PresentHolly": 0.0,
  "PresentMrsClausCostume": 0.0,
  "PresentParkaOutfit": 0.0,
  "PresentPineTreeBlock": 0.0,
  "PresentRedRyderPlusMusketBall": 0.0,
  "PresentReindeerAntlers": 0.0,
  "PresentSnowHat": 0.0,
  "PresentStarAnise": 0.0,
  "PresentSugarCookie": 0.0,
  "PresentToolbox ": 0.0,
  "PresentTreeCostume": 0.0,
  "PresentUglySweater": 0.0,
  "=================================================================================================BL1": 0,
  "|               BOSS LOOT (Affects normal mode loot and expert mode Grab Bags)                     |": 0,
  "=================================================================================================BL2": 0,
  "LootBinocularsIncrease": 0.467,
  "LootBoneRattleIncrease": 0.2,
  "LootBookofSkullsIncrease": 0.0,
  "LootBossMaskIncrease": 0.1071,
  "LootBossTrophyIncrease": 0.0,
  "LootEatersBoneIncrease": 0.2,
  "LootFishronTruffleworm": 0.5,
  "LootFishronWingsIncrease": 0.15,
  "LootHoneyedGogglesIncrease": 0.14,
  "LootNectarIncrease": 0.14,
  "LootPicksawIncrease": 0.375,
  "LootSeedlingIncrease": 0.15,
  "LootSkeletronBoneKey": 0.0,
  "LootTheAxeIncrease": 0.2,
  "=================================================================================================BK1": 0,
  "|                                      BIOME KEYS                                                  |": 0,
  "=================================================================================================BK2": 0,
  "BiomeKeyIncreaseForOneMechBossDown": 0.0004,
  "BiomeKeyIncreaseForTwoMechBossDown": 0.0012,
  "BiomeKeyIncreaseForThreeMechBossDown": 0.0028,
  "=================================================================================================EL1": 0,
  "|                                      ENEMY LOOT                                                  |": 0,
  "=================================================================================================EL2": 0,
  "AllEnemiesLootBiomeMatchingFoundOnlyChestDrop": 0.01,
  "HellBatLootMagmaStoneIncrease": 0.0,
  "LavaBatLootMagmaStoneIncrease": 0.0,
  "LootAdhesiveBandageIncrease": 0.0,
  "LootAleTosser": 0.833,
  "LootAmarokIncrease": 0.0067,
  "LootAncientClothIncrease": 0.0,
  "LootAncientCobaltBreastplateIncrease": 0.0,
  "LootAncientCobaltHelmetIncrease": 0.0,
  "LootAncientCobaltLeggingsIncrease": 0.0,
  "LootAncientGoldHelmetIncrease": 0.015,
  "LootAncientHornIncrease": 0.03,
  "LootAncientIronHelmetIncrease": 0.0,
  "LootAncientNecroHelmetIncrease": 0.0028,
  "LootAncientShadowGreavesIncrease": 0.0,
  "LootAncientShadowHelmetIncrease": 0.0,
  "LootAncientShadowScalemailIncrease": 0.0,
  "LootAnkhCharmMaterialIncreasePerAnkhCharmInInventory": 0.0024,
  "LootArmorPolishIncrease": 0.0,
  "LootBabyGrinchsMischiefWhistleIncrease": 0.05,
  "LootBananarangIncrease": 0.3,
  "LootBeamSwordIncrease": 0.0,
  "LootBezoarIncrease": 0.0,
  "LootBlackBeltIncrease": 0.0,
  "LootBlackLensIncrease": 0.0,
  "LootBlessedAppleIncrease": 0.0066,
  "LootBlindfoldIncrease": 0.0,
  "LootBloodyMacheteAndBladedGlovesAreNotLimitedByDamageAndDefense": true,
  "LootBloodyMacheteAndBladedGlovesIncrease": 0.0015,
  "LootBoneFeatherIncrease": 0.0078,
  "LootBonePickaxeIncrease": 0.0867,
  "LootBoneSwordIncrease": 0.0051,
  "LootBoneWandIncrease": 0.006,
  "LootBrainScramblerIncrease": 0.01,
  "LootBrokenBatWingIncrease": 0.075,
  "LootBunnyHoodIncrease": 0.0,
  "LootCascadeIncrease": 0.0025,
  "LootChainGuillotinesIncrease": 0.0,
  "LootChainKnifeIncrease": 0.0027,
  "LootClassyCane": 0.875,
  "LootClingerStaffIncrease": 0.0,
  "LootClothierVoodooDollIncrease": 0.0467,
  "LootCrossNecklaceIncrease": 0.0,
  "LootCrystalVileShardIncrease": 0.0,
  "LootDaedalusStormbowIncrease": 0.0,
  "LootDarkShardIncrease": 0.0,
  "LootDartPistolIncrease": 0.0,
  "LootDartRifleIncrease": 0.0,
  "LootDeathSickleIncrease": 0.025,
  "LootDemonScytheIncrease": 0.0214,
  "LootDepthMeterIncrease": 0.0,
  "LootDesertSpiritLampIncrease": 0.0,
  "LootDivingHelmetIncrease": 0.03,
  "LootDualHookIncrease": 0.0,
  "LootElfHatIncrease": 0.00833,
  "LootElfPantsIncrease": 0.00833,
  "LootElfShirtIncrease": 0.00833,
  "LootEskimoCoatIncrease": 0.0,
  "LootEskimoHoodIncrease": 0.0,
  "LootEskimoPantsIncrease": 0.0,
  "LootExoticScimitar": 0.875,
  "LootEyePatchIncrease": 0.0,
  "LootEyeSpringIncrease": 0.0,
  "LootFastClockBaseIncrease": 0.0,
  "LootFestiveWingsIncrease": 0.05,
  "LootFetidBaghnakhsIncrease": 0.0,
  "LootFireFeatherIncrease": 0.0367,
  "LootFleshKnucklesIncrease": 0.0,
  "LootFlyingKnifeIncrease": 0.0,
  "LootFrostStaffIncrease": 0.0,
  "LootFrozenTurtleShellIncrease": 0.19,
  "LootGiantBowIncrease": 0.0,
  "LootGiantHarpyFeatherIncrease": 0.005,
  "LootGoldenFurnitureIncrease": 0.0,
  "LootGoldenKeyIncrease": 0.0,
  "LootGoodieBagIncrease": 0.0,
  "LootGreenCap": 1.0,
  "LootHappyGrenade": 0.75,
  "LootHarpoonIncrease": 0.0075,
  "LootHelFireIncrease": 0.0025,
  "LootHookIncrease": 0.0,
  "LootIceSickleIncrease": 0.0011,
  "LootIlluminantHookIncrease": 0.0,
  "LootJellyfishNecklaceIncrease": 0.04,
  "LootKOCannonIncrease": 0.001,
  "LootKeybrandIncrease": 0.0,
  "LootKrakenIncrease": 0.0075,
  "LootLamiaClothesIncrease": 0.01,
  "LootLifeDrainIncrease": 0.0,
  "LootLightShardIncrease": 0.0,
  "LootLihzahrdPowerCellIncrease": 0.0,
  "LootLivingFireBlockIncrease": 0.0,
  "LootLizardEggIncrease": 0.009,
  "LootMagicDaggerIncrease": 0.0,
  "LootMagicQuiverIncrease": 0.0375,
  "LootMagnetSphereIncrease": 0.0017,
  "LootMandibleBladeIncrease": 0.0,
  "LootMarrowIncrease": 0.045,
  "LootMeatGrinderIncrease": 0.0,
  "LootMegaphoneBaseIncrease": 0.0,
  "LootMeteoriteIncrease": 0.0,
  "LootMiningHelmetIncrease": 0.2833,
  "LootMiningPantsIncrease": 0.3093,
  "LootMiningShirtIncrease": 0.3093,
  "LootMoneyTroughIncrease": 0.04,
  "LootMoonCharmIncrease": 0.0,
  "LootMoonMaskIncrease": 0.0,
  "LootMoonStoneIncrease": 0.0,
  "LootMothronWingsIncrease": 0.1381,
  "LootMummyCostumeIncrease": 0.0,
  "LootNazarIncrease": 0.0,
  "LootNimbusRodIncrease": 0.0,
  "LootObsidianRoseIncrease": 0.03,
  "LootPaintballGun": 0.9,
  "LootPaladinsShieldIncrease": 0.35,
  "LootPedguinssuitIncrease": 0.0,
  "LootPhilosophersStoneIncrease": 0.0,
  "LootPirateMapIncrease": 0.015,
  "LootPlumbersHatIncrease": 0.048,
  "LootPocketMirrorIncrease": 0.105,
  "LootPresentIncrease": 0.0,
  "LootPsychoKnifeIncrease": 0.1125,
  "LootPutridScentIncrease": 0.0,
  "LootRainArmorIncrease": 0.0,
  "LootRainbowBlockDropMaxIncrease": 0,
  "LootRainbowBlockDropMinIncrease": 0,
  "LootRallyIncrease": 0.061,
  "LootReindeerBellsIncrease": 0.0917,
  "LootRifleScopeIncrease": 0.0,
  "LootRobotHatIncrease": 0.0,
  "LootRocketLauncherIncrease": 0.0,
  "LootRodofDiscordIncrease": 0.1291,
  "LootSWATHelmetIncrease": 0.0,
  "LootSailorHatIncrease": 0.0,
  "LootSailorPantsIncrease": 0.0,
  "LootSailorShirtIncrease": 0.0,
  "LootShackleIncrease": 0.0,
  "LootSkullIncrease": 0.048,
  "LootSlimeStaffIncrease": 0.075,
  "LootSniperRifleIncrease": 0.0,
  "LootSnowballLauncherIncrease": 0.0133,
  "LootSoulofLightIncrease": 0.0,
  "LootSoulofNightIncrease": 0.0,
  "LootStarCloakIncrease": 0.0,
  "LootStylishScissors": 0.875,
  "LootSunMaskIncrease": 0.0,
  "LootTabiIncrease": 0.0,
  "LootTacticalShotgunIncrease": 0.0,
  "LootTallyCounterIncrease": 0.0,
  "LootTatteredBeeWingIncrease": 0.0,
  "LootTendonHookIncrease": 0.0,
  "LootTitanGloveIncrease": 0.0,
  "LootToySledIncrease": 0.15,
  "LootTrifoldMapIncrease": 0.0,
  "LootTurtleShellIncrease": 0.1412,
  "LootUmbrellaHatIncrease": 0.0,
  "LootUnicornonaStickIncrease": 0.04,
  "LootUziIncrease": 0.0,
  "LootVikingHelmetIncrease": 0.0,
  "LootVitaminsIncrease": 0.0,
  "LootWhoopieCushionIncrease": 0.0,
  "LootWispinaBottleIncrease": 0.0063,
  "LootWormHookIncrease": 0.0,
  "LootYeletsIncrease": 0.0,
  "LootZombieArmIncrease": 0.016,
  "PirateLootCoinGunBaseIncrease": 0.0027,
  "PirateLootCutlassBaseIncrease": 0.0117,
  "PirateLootDiscountCardBaseIncrease": 0.0045,
  "PirateLootGoldRingBaseIncrease": 0.0043,
  "PirateLootLuckyCoinBaseIncrease": 0.0039,
  "PirateLootPirateStaffBaseIncrease": 0.0045,
  "SlimeStaffIncreaseToCavernSlimess": false,
  "SlimeStaffIncreaseToIceSpikedSlimes": true,
  "SlimeStaffIncreaseToSpikedJungleSlimes": true,
  "SlimeStaffIncreaseToSurfaceSlimes": false,
  "SlimeStaffIncreaseToUndergroundSlimes": false,
  "===============================================================================================TASM1": 0,
  "|                           TRAVELING AND STATIONARY MERCHANT                                      |": 0,
  "------------------------------------------------------------------------------------------------TASM": 0,
  "| The chance for spawning the Traveling Merchant and for Restocking is affected by the amount      |": 0,
  "| of stationary Reduced Grinding and Vanilla npcs.                                                 |": 0,
  "===============================================================================================TASM2": 0,
  "ChanceEachInGameMinuteWillResetTravelingMerchant": 0.0432,
  "ChanceEachMorningTravelingMerchantWillSpawn": 1.0,
  "ChanceThatEnemyKillWillResetTravelingMerchant": 0.0,
  "S_MerchantStockingChanceBonusWhichWillBeMultipliedByH_ModeCompletionRate": 0.857,
  "StationaryMerchant": true,
  "StationaryMerchantStockingChance": 0.143,
  "TravelingMerchantAcornsIncrease": 0.0,
  "TravelingMerchantAlwaysXMasForConfigurations": false,
  "TravelingMerchantAmmoBoxIncrease": 0.0,
  "TravelingMerchantAngelHaloIncrease": 0.0,
  "TravelingMerchantArcaneRuneWallIncrease": 0.0,
  "TravelingMerchantBlackCounterweightIncrease": 0.0,
  "TravelingMerchantBlueDynastyShinglesIncrease": 0.0,
  "TravelingMerchantBlueTeamBlockIncrease": 0.0,
  "TravelingMerchantBlueTeamPlatformIncrease": 0.0,
  "TravelingMerchantBrickLayerIncrease": 0.0,
  "TravelingMerchantCastleMarsbergIncrease": 0.0,
  "TravelingMerchantCelestialMagnetIncrease": 0.0,
  "TravelingMerchantChaliceIncrease": 0.0,
  "TravelingMerchantCode1Increase": 0.0,
  "TravelingMerchantCode2Increase": 0.0,
  "TravelingMerchantColdSnapIncrease": 0.0,
  "TravelingMerchantCompanionCubeIncrease": 0.0,
  "TravelingMerchantCrimsonCapeIncrease": 0.0,
  "TravelingMerchantCursedSaintIncrease": 0.0,
  "TravelingMerchantDPSMeterIncrease": 0.0,
  "TravelingMerchantDiamondRingIncrease": 0.0,
  "TravelingMerchantDynastyWoodIncrease": 0.0,
  "TravelingMerchantExtendoGripIncrease": 0.0,
  "TravelingMerchantFancyDishesIncrease": 0.0,
  "TravelingMerchantFezIncrease": 0.0,
  "TravelingMerchantGatligatorIncrease": 0.0,
  "TravelingMerchantGiIncrease": 0.0,
  "TravelingMerchantGreenTeamBlockIncrease": 0.0,
  "TravelingMerchantGreenTeamPlatformIncrease": 0.0,
  "TravelingMerchantGypsyRobeIncrease": 0.0,
  "TravelingMerchantKatanaIncrease": 0.0,
  "TravelingMerchantKimonoIncrease": 0.0,
  "TravelingMerchantLeopardSkinIncrease": 0.0,
  "TravelingMerchantLifeformAnalyzerIncrease": 0.0,
  "TravelingMerchantMagicHatIncrease": 0.0,
  "TravelingMerchantMartiaLisaIncrease": 0.0,
  "TravelingMerchantMetalDetector": 0.0,
  "TravelingMerchantMysteriousCapeIncrease": 0.0,
  "TravelingMerchantNotAKidNorASquidIncrease": 0.0,
  "TravelingMerchantPadThaiIncrease": 0.0,
  "TravelingMerchantPaintSprayerIncrease": 0.0,
  "TravelingMerchantPhoIncrease": 0.0,
  "TravelingMerchantPinkTeamBlockIncrease": 0.0,
  "TravelingMerchantPinkTeamPlatformIncrease": 0.0,
  "TravelingMerchantPortableCementMixerIncrease": 0.0,
  "TravelingMerchantPresseratorIncrease": 0.0,
  "TravelingMerchantPulseBowIncrease": 0.0,
  "TravelingMerchantRedCapeIncrease": 0.0,
  "TravelingMerchantRedDynastyShinglesIncrease": 0.0,
  "TravelingMerchantRedTeamBlockIncrease": 0.0,
  "TravelingMerchantRedTeamPlatformIncrease": 0.0,
  "TravelingMerchantRevolverIncrease": 0.0,
  "TravelingMerchantSakeIncrease": 0.0,
  "TravelingMerchantSittingDucksFishingPoleIncrease": 0.0,
  "TravelingMerchantSnowfellasIncrease": 0.0,
  "TravelingMerchantStopwatchIncrease": 0.0,
  "TravelingMerchantTheSeasonIncrease": 0.0,
  "TravelingMerchantTheTruthIsUpThereIncrease": 0.0,
  "TravelingMerchantTigerSkinIncrease": 0.0,
  "TravelingMerchantUltraBrightTorchIncrease": 0.0,
  "TravelingMerchantWaterGunIncrease": 0.0,
  "TravelingMerchantWhiteTeamBlockIncrease": 0.0,
  "TravelingMerchantWhiteTeamPlatformIncrease": 0.0,
  "TravelingMerchantWinterCapeIncrease": 0.0,
  "TravelingMerchantYellowCounterweightIncrease": 0.0,
  "TravelingMerchantYellowTeamBlockIncrease": 0.0,
  "TravelingMerchantYellowTeamPlatformIncrease": 0.0,
  "TravelingMerchantZebraSkinIncrease": 0.0,
  "=================================================================================================FQ1": 0,
  "|                                      OTHER MOD NPCS                                              |": 0,
  "=================================================================================================FQ2": 0,
  "BoneMerchant": true,
  "BoneMerchantDisabledWhenLuiafkIsInstalled": false,
  "Santa": true,
  "|                                       FISHING QUEST                                              |": 0,
  "QuestAnglerEarringIncrease": 0.025,
  "QuestAnglerHatIncrease": 0.05,
  "QuestAnglerPantsIncrease": 0.05,
  "QuestAnglerVestIncrease": 0.05,
  "QuestCoralstoneBlockIncrease": 0.04,
  "QuestDecorativeFurnitureIncrease": 0.04,
  "QuestFishHookIncrease": 0.033,
  "QuestFishermansGuideIncrease": 0.025,
  "QuestGoldenBugNetIncrease": 0.012,
  "QuestGoldenFishingRodIncrease": 0.0,
  "QuestHardcoreBottomlessBucketIncrease": 0.04,
  "QuestHardcoreFinWingsIncrease": 0.04,
  "QuestHardcoreHotlineFishingHookIncrease": 0.086,
  "QuestHardcoreSuperAbsorbantSpongeIncrease": 0.086,
  "QuestHighTestFishingLineIncrease": 0.025,
  "QuestSextantIncrease": 0.025,
  "QuestTackleBoxIncrease": 0.025,
  "QuestTrophyIncrease": 0.09,
  "QuestWeatherRadioIncrease": 0.025,
  "=================================================================================================CH1": 0,
  "|                                        CHEST SALESMAN                                            |": 0,
  "=================================================================================================CH2": 0,
  "ChestSalesmanPreHardmodeChestsRequireHardmodeActivated": false,
  "ChestSalesmanSellsBiomeChest": true,
  "ChestSalesmanSellsGoldChest": true,
  "ChestSalesmanSellsIceChest": true,
  "ChestSalesmanSellsIvyChest": true,
  "ChestSalesmanSellsLihzahrdChest": true,
  "ChestSalesmanSellsLivingWoodChest": false,
  "ChestSalesmanSellsOceanChest": true,
  "ChestSalesmanSellsShadowChest": true,
  "ChestSalesmanSellsSkywareChest": true,
  "ChestSalesmanSellsWebCoveredChest": true,
  "ChestSalesman": false,
  "=================================================================================================VS1": 0,
  "|                                        VANILLA SHOPS                                             |": 0,
  "--------------------------------------------------------------------------------------------------VS": 0,
  "| (If NPCs are set to sell their death loot, the Merchant will sell the Guides (even if his name   |": 0,
  "| isn't Andrew.                                                                                    |": 0,
  "=================================================================================================VS2": 0,
  "AllNPCsSellTheirDeathLoot": false,
  "MechanicSellsDartTrapAfterSkeletronDefeated": true,
  "MechanicSellsGeyserAfterWallofFleshDefeated": true,
  "MechanicSellsLihzahrdTrapsAfterGolemDefeated": true,
  "MechanicSellsWoodenSpikesAfterGolemDefeated": false,
  "MerchantSellsAllMiningGear": true,
  "MerchantSellsBlizzardInABottleWhenInSnow": false,
  "MerchantSellsCloudInABottleWhenInSky": false,
  "MerchantSellsFishItem": false,
  "MerchantSellsPyramidItems": false,
  "MerchantSellsSandstormInABottleWhenInDesert": false,
  "TaxCollectorMinTaxRequiredToChatTaxEachMorningAndNight": 50000,
  "WitchDoctorSellsFlowerBoots": false,
  "WitchDoctorSellsHoneyDispenser": false,
  "WitchDoctorSellsSeaweed": false,
  "WitchDoctorSellsStaffofRegrowth": false,
  "=================================================================================================ML1": 0,
  "|                                          MOD LOCKBOXES                                           |": 0,
  "=================================================================================================ML2": 0,
  "LockBoxesGiveFurniture": true,
  "LockBoxesGiveNonFurniture": true,
  "CavernModdedCavernLockBoxLoot": 0.01,
  "DungeonModdedBiomeLockBoxLoot": 0.01,
  "DungeonFurnitureLockBoxLoot": 0.01,
  "HardmodeModdedLockBoxDropRateModifier": 2.0,
  "HellBiomeModdedShadowLockBoxLoot": 0.01,
  "NormalmodeModdedLockBoxDropRateModifier": 1.0,
  "SandstormAndUndergroundDesertPyramidLockBoxLoot": 0.01,
  "SkyModdedSkywareLockBoxLoot": 0.01,
  "SpiderNestWebCoveredLockBoxLoot": 0.01,
  "SurfaceModdedLivingWoodLockBoxLoot": 0.01,
  "UndergroundJungleBiomeModdedIvyLockBoxLoot": 0.01,
  "UndergroundSnowBiomeModdedIceLockBoxLoot": 0.01,
  "WaterEnemyModdedWaterLockBoxLoot": 0.01,
  "================================================================================================OMO1": 0,
  "|                                      OTHER MOD OBJECTS                                           |": 0,
  "================================================================================================OMO2": 0,
  "BattlePotionMaxSpawnsMultiplier": 1.0,
  "BattlePotionSpawnrateMultiplier": 1.0,
  "BloodZombieAndDripplerDropsBloodMoonMedallion": 0.1,
  "ChaosPotionMaxSpawnsMultiplier": 20.0,
  "ChaosPotionSpawnrateMultiplier": 20.0,
  "GoblinTinkererSellsGoblinRetreatOrder": true,
  "JungleTempleLihzahrd_Lock_Box": 0.01,
  "LootCompassIncrease": 0.0,
  "PirateSellsPirateRetreatOrder": true,
  "WarPotionMaxSpawnsMultiplier": 10.0,
  "WarPotionSpawnrateMultiplier": 10.0,
  "WizardSellsMoonBall": true,
  "=================================================================================================SI1": 0,
  "|                         STARTING ITEMS (THIS IS DISABLED FOR NOW)                                |": 0,
  "--------------------------------------------------------------------------------------------------SI": 0,
  "| After multiplayer syncing changes were made, it started crashing with many other mods.           |": 0,
  "=================================================================================================SI2": 0,
  "NewCharacterBarrels": 0,
  "NewCharacterCopperBars": 0,
  "NewCharacterCopperCoins": 0,
  "NewCharacterGoldBars": 0,
  "NewCharacterGoldCoins": 0,
  "NewCharacterIronBars": 0,
  "NewCharacterMiningPotions": 3,
  "NewCharacterPlatinumCoins": 0,
  "NewCharacterSilverBars": 0,
  "NewCharacterSilverCoins": 0,
  "NewCharacterWarPotions": 0,
  "=================================================================================================================================================================EL1": 0,
  "|              EXTRACTINATOR LOOT (Loots in this category may override each other and blocks may have a decreasing multiplier compared to other blocks)            |": 0,
  "------------------------------------------------------------------------------------------------------------------------------------------------------------------EL": 0,
  " Loots in this category may override each other and some have a drop decreasing multiplier for certain blocks (for example, Sturdy Fossil only drops when using    |": 0,
  " Desert Fossil).                                                                                                                                                   |": 0,
  "=================================================================================================================================================================EL2": 0,
  "ExtractinatorGivesAmber": 0.0,
  "ExtractinatorGivesAmberMosquito": 0.0014,
  "ExtractinatorGivesAmethyst": 0.0,
  "ExtractinatorGivesCopperCoin": 0.0,
  "ExtractinatorGivesCopperOre": 0.0,
  "ExtractinatorGivesDiamond": 0.0,
  "ExtractinatorGivesEmerald": 0.0,
  "ExtractinatorGivesFossilOre": 0.0,
  "ExtractinatorGivesGoldCoin": 0.0,
  "ExtractinatorGivesGoldOre": 0.0,
  "ExtractinatorGivesIronOre": 0.0,
  "ExtractinatorGivesLeadOre": 0.0,
  "ExtractinatorGivesPlatinumCoin": 0.0,
  "ExtractinatorGivesPlatinumOre": 0.0,
  "ExtractinatorGivesRuby": 0.0,
  "ExtractinatorGivesSapphire": 0.0,
  "ExtractinatorGivesSilverCoin": 0.0,
  "ExtractinatorGivesSilverOre": 0.0,
  "ExtractinatorGivesTinOre": 0.0,
  "ExtractinatorGivesTopaz": 0.0,
  "ExtractinatorGivesTungstenOre": 0.0,
  "=================================================================================================FC1": 0,
  "|                                       FISHING CATCHES                                            |": 0,
  "--------------------------------------------------------------------------------------------------FC": 0,
  " Fish catches here are still affected by Fishing Power and some fish are limited to certain        |": 0,
  " locations.                                                                                        |": 0,
  "=================================================================================================FC2": 0,
  "CrateUpgradesDependingOnFishingPower": true,
  "FishCatchBecomesBalloonPufferfish": 0.01,
  "FishCatchBecomesBladetongue": 0.02,
  "FishCatchBecomesBlueJellyfish": 0.01,
  "FishCatchBecomesChaosFish": 0.0,
  "FishCatchBecomesCorruptCrate": 0.0,
  "FishCatchBecomesCrimsonCrate": 0.0,
  "FishCatchBecomesCrystalSerpent": 0.02,
  "FishCatchBecomesDungeonCrate": 0.0,
  "FishCatchBecomesFrogLeg": 0.01,
  "FishCatchBecomesFrostDaggerfish": 0.0,
  "FishCatchBecomesGoldenCarp": 0.0,
  "FishCatchBecomesGoldenCrate": 0.0,
  "FishCatchBecomesGreenJellyfish": 0.01,
  "FishCatchBecomesHallowedCrate": 0.0,
  "FishCatchBecomesIronCrate": 0.0,
  "FishCatchBecomesJungleCrate": 0.0,
  "FishCatchBecomesPinkJellyfish": 0.01,
  "FishCatchBecomesPurpleClubberfish": 0.0,
  "FishCatchBecomesReaverSharkAfterAllMechBossesDowned": 0.0,
  "FishCatchBecomesReaverSharkAfterEyeOfCthulhuEaterOfWorldsAndSkeletronDowned": 0.02,
  "FishCatchBecomesReaverSharkBeforeEyeOfCthulhuEaterOfWorldsAndSkeletronDowned": 0.0,
  "FishCatchBecomesRockfish": 0.0,
  "FishCatchBecomesSawtoothSharkAfterAllMechBossesDowned": 0.0,
  "FishCatchBecomesSawtoothSharkAfterEyeOfCthulhuEaterOfWorldsAndSkeletronDowned": 0.02,
  "FishCatchBecomesSawtoothSharkBeforeEyeOfCthulhuEaterOfWorldsAndSkeletronDowned": 0.0,
  "FishCatchBecomesScalyTruffle": 0.05,
  "FishCatchBecomesSkyCrate": 0.0,
  "FishCatchBecomesSwordfish": 0.0,
  "FishCatchBecomesToxikarp": 0.02,
  "FishCatchBecomesWoodenCrate": 0.0,
  "FishCatchBecomesZephyrFish": 0.01
}