{
  "BagBinocularsIncrease": 0.2167,
  "BagBoneRattleIncrease": 0.2,
  "BagBookofSkullsIncrease": 0.0,
  "BagEatersBoneIncrease": 0.2,
  "BagFishronWingsIncrease": 0.1,
  "BagHoneyedGogglesIncrease": 0.9,
  "BagNectarIncrease": 0.14,
  "BagSeedlingIncrease": 0.15,
  "BagSkeletronBoneKey": 0.0,
  "BagTheAxeIncrease": 0.2,
  "CrateJungleAnkeltOfTheWindIncrease": 0.25,
  "CrateJungleFeralClawsIncrease": 0.25,
  "CrateJungleFlowerBoots": 0.25,
  "CrateJungleLeafWand": 0.25,
  "CrateJungleLivingLoom": 0.25,
  "CrateJungleLivingMahoganyWand": 0.25,
  "CrateJungleLivingWoodWand": 0.25,
  "CrateJungleRichMahoganyLeafWand": 0.25,
  "CrateJungleSeaweed": 0.25,
  "CrateJungleStaffOfRegrowth": 0.25,
  "CrateSkySkyMill": 0.25,
  "CrateWoodenClimbingClawsIncrease": 0.2,
  "CrateWoodenAgletIncrease": 0.2,
  "CrateWoodenRadarIncrease": 0.2,
  "CrateWoodenIronGoldWaterFlippers": 0.2,
  "CrateWoodenIronGoldWaterWalkingBoots": 0.2,
  "CrateMultiplierForWoodenLootChances": 0.5,
  "CrateMultiplierForIronLootChances": 1.0,
  "CrateMultiplierForGoldenLootChances": 1.5,
  "PresentCandyCaneBlock": 0.0,
  "PresentCandyCaneHook": 0.0,
  "PresentCandyCanePickaxe": 0.0,
  "PresentCandyCaneSword": 0.0,
  "PresentChristmasPudding": 0.0,
  "PresentCoal": 0.0,
  "PresentDogWhistle": 0.0,
  "PresentEggnog": 0.0,
  "PresentFruitcakeChakram": 0.0,
  "PresentGingerbreadCookie": 0.0,
  "PresentGreenCandyCaneBlock": 0.0,
  "PresentHandWarmer": 0.0,
  "PresentHardmodeSnowGlobe": 0.0,
  "PresentHolly": 0.0,
  "PresentMrsClausCostume": 0.0,
  "PresentParkaOutfit": 0.0,
  "PresentPineTreeBlock": 0.0,
  "PresentRedRyderPlusMusketBall": 0.0,
  "PresentReindeerAntlers": 0.0,
  "PresentSnowHat": 0.0,
  "PresentStarAnise": 0.0,
  "PresentSugarCookie": 0.0,
  "PresentToolbox ": 0.0,
  "PresentTreeCostume": 0.0,
  "PresentUglySweater": 0.0,
  "LootSkeletronBoneKey": 0.0,
  "LootBookofSkullsIncrease": 0.0,
  "LootBoneRattleIncrease": 0.2,
  "LootFishronWingsIncrease": 0.1,
  "LootEatersBoneIncrease": 0.2,
  "LootBinocularsIncrease": 0.175,
  "LootTheAxeIncrease": 0.1,
  "LootSeedlingIncrease": 0.1833,
  "LootHoneyedGogglesIncrease": 0.05,
  "LootNectarIncrease": 0.133,
  "BiomeKeyIncreaseForOneMechBossDown": 0.0004,
  "BiomeKeyIncreaseForTwoMechBossDown": 0.0012,
  "BiomeKeyIncreaseForThreeMechBossDown": 0.0028,
  "ExpertLootAdhesiveBandageIncrease": 0.0,
  "LootAdhesiveBandageIncrease": 0.0,
  "LootRodofDiscordIncrease": 0.1291,
  "ExpertLootTrifoldMapIncrease": 0.02,
  "LootTrifoldMapIncrease": 0.01,
  "ExpertLootNazarIncrease": 0.08,
  "LootNazarIncrease": 0.04,
  "ExpertLootBezoarIncrease": 0.02,
  "LootBezoarIncrease": 0.01,
  "ExpertLootVitaminsIncrease": 0.0,
  "LootVitaminsIncrease": 0.0,
  "ExpertLootBlindfoldIncrease": 0.1836,
  "LootBlindfoldIncrease": 0.0918,
  "ExpertLootFastClockIncrease": 0.02,
  "LootFastClockIncrease": 0.01,
  "LootLizardEggIncrease": 0.009,
  "LootTurtleShellIncrease": 0.1412,
  "LootFrozenTurtleShellIncrease": 0.19,
  "ExpertLootPaladinsShieldIncrease": 0.35,
  "LootPaladinsShieldIncrease": 0.15,
  "PirateLootCoinGunIncrease": 0.0005,
  "PirateLootLuckyCoinIncrease": 0.001,
  "PirateLootDiscountCardIncrease": 0.002,
  "PirateLootPirateStaffIncrease": 0.002,
  "PirateLootGoldRingIncrease": 0.004,
  "PirateShipLootCoinGunIncrease": 0.0025,
  "PirateShipLootLuckyCoinIncrease": 0.005,
  "PirateShipLootDiscountCardIncrease": 0.01,
  "PirateShipLootPirateShipStaffIncrease": 0.01,
  "PirateShipLootGoldRingIncrease": 0.02,
  "ExpertLootSlimeStaffIncrease": 0.075,
  "LootSlimeStaffIncrease": 0.05,
  "ExpertLootMegaphoneIncrease": 0.02,
  "LootMegaphoneIncrease": 0.01,
  "ExpertLootArmorPolishIncrease": 0.02,
  "LootArmorPolishIncrease": 0.01,
  "LootElfHatIncrease": 0.00833,
  "LootElfShirtIncrease": 0.00833,
  "LootElfPantsIncrease": 0.00833,
  "ExpertLootWispinaBottleIncrease": 0.0063,
  "LootWispinaBottleIncrease": 0.0042,
  "LootAncientShadowHelmetIncrease": 0.0,
  "LootAncientShadowScalemailIncrease": 0.0,
  "LootAncientShadowGreavesIncrease": 0.0,
  "LootEyePatchIncrease": 0.0,
  "LootRobotHatIncrease": 0.0,
  "LootSailorHatIncrease": 0.0,
  "LootSailorShirtIncrease": 0.0,
  "LootSailorPantsIncrease": 0.0,
  "LootSkullIncrease": 0.048,
  "LootAncientNecroHelmetIncrease": 0.0028,
  "LootBoneFeatherIncrease": 0.0078,
  "LootCascadeIncrease": 0.0025,
  "LootHelFireIncrease": 0.0025,
  "ExpertLootMagnetSphereIncrease": 0.0017,
  "LootMagnetSphereIncrease": 0.0068,
  "LootAncientCobaltHelmetIncrease": 0.0,
  "LootAncientCobaltBreastplateIncrease": 0.0,
  "LootAncientCobaltLeggingsIncrease": 0.0,
  "LootClothierVoodooDollIncrease": 0.0067,
  "LootGoldenFurnitureIncrease": 0.0,
  "ExpertLootKeybrandIncrease": 0.0,
  "LootKeybrandIncrease": 0.0,
  "LootPlumbersHatIncrease": 0.048,
  "LootBoneWandIncrease": 0.006,
  "LootChainKnifeIncrease": 0.0027,
  "ExpertLootDeathSickleIncrease": 0.025,
  "LootDeathSickleIncrease": 0.025,
  "LootZombieArmIncrease": 0.016,
  "LootBoneSwordIncrease": 0.0051,
  "LootAncientGoldHelmetIncrease": 0.015,
  "ExpertLootBlessedAppleIncrease": 0.0066,
  "LootBlessedAppleIncrease": 0.005,
  "LootCutlassIncrease": 0.0,
  "LootGiantHarpyFeatherIncrease": 0.005,
  "LootHarpoonIncrease": 0.0075,
  "LootIceSickleIncrease": 0.0011,
  "LootKrakenIncrease": 0.0075,
  "LootMarrowIncrease": 0.045,
  "LootMeatGrinderIncrease": 0.0,
  "LootUziIncrease": 0.0,
  "LootYeletsIncrease": 0.0,
  "LootBeamSwordIncrease": 0.0,
  "LootBlackLensIncrease": 0.0,
  "LootEskimoHoodIncrease": 0.0,
  "LootEskimoCoatIncrease": 0.0,
  "LootEskimoPantsIncrease": 0.0,
  "HellBatLootMagmaStoneIncrease": 0.0,
  "LavaBatLootMagmaStoneIncrease": 0.0,
  "LootSnowballLauncherIncrease": 0.0133,
  "LootTatteredBeeWingIncrease": 0.0,
  "LootAncientIronHelmetIncrease": 0.0,
  "LootBrainScramblerIncrease": 0.01,
  "LootJellyfishNecklaceIncrease": 0.04,
  "LootLamiaClothesIncrease": 0.01,
  "LootMagicQuiverIncrease": 0.0375,
  "ExpertLootMoonStoneIncrease": 0.0,
  "LootMoonStoneIncrease": 0.0,
  "LootPirateMapIncrease": 0.015,
  "LootFireFeatherIncrease": 0.0367,
  "LootUnicornonaStickIncrease": 0.04,
  "LootWhoopieCushionIncrease": 0.0,
  "LootAmarokIncrease": 0.0067,
  "LootGoodieBagIncrease": 0.0,
  "LootBonePickaxeIncrease": 0.0867,
  "LootPsychoKnifeIncrease": 0.075,
  "ExpertLootPsychoKnifeIncrease": 0.1125,
  "LootBunnyHoodIncrease": 0.0,
  "LootMummyCostumeIncrease": 0.0,
  "LootObsidianRoseIncrease": 0.03,
  "LootGoldenKeyIncrease": 0.0,
  "LootMoonCharmIncrease": 0.0,
  "LootAncientHornIncrease": 0.03,
  "LootDemonScytheIncrease": 0.0214,
  "LootDivingHelmetIncrease": 0.03,
  "LootEyeSpringIncrease": 0.0,
  "LootFrostStaffIncrease": 0.0,
  "LootLihzahrdPowerCellIncrease": 0.0,
  "LootLivingFireBlockIncrease": 0.0,
  "LootMandibleBladeIncrease": 0.0,
  "LootMeteoriteIncrease": 0.0,
  "LootPedguinssuitIncrease": 0.0,
  "LootShackleIncrease": 0.0,
  "LootVikingHelmetIncrease": 0.0,
  "LootUmbrellaHatIncrease": 0.0,
  "LootMiningHelmetIncrease": 0.2833,
  "LootMiningShirtIncrease": 0.3093,
  "LootMiningPantsIncrease": 0.3093,
  "LootBrokenBatWingIncrease": 0.075,
  "LootDesertSpiritLampIncrease": 0.0,
  "LootHookIncrease": 0.0,
  "LootLightShardIncrease": 0.0,
  "LootMoonMaskIncrease": 0.0,
  "LootSunMaskIncrease": 0.0,
  "LootGiantBowIncrease": 0.0,
  "LootRainArmorIncrease": 0.0,
  "LootRocketLauncherIncrease": 0.0,
  "LootToySledIncrease": 0.15,
  "LootSniperRifleIncrease": 0.0,
  "LootTacticalShotgunIncrease": 0.0,
  "LootAncientClothIncrease": 0.0,
  "LootDarkShardIncrease": 0.0,
  "LootNimbusRodIncrease": 0.0,
  "LootRifleScopeIncrease": 0.0,
  "LootSWATHelmetIncrease": 0.0,
  "LootBlackBeltIncrease": 0.0,
  "LootTabiIncrease": 0.0,
  "LootPresentIncrease": 0.0,
  "ExpertLootMoneyTroughIncrease": 0.04,
  "LootMoneyTroughIncrease": 0.035,
  "LootSoulofNightIncrease": 0.0,
  "ExpertLootSoulofNightIncrease": 0.0,
  "LootSoulofLightIncrease": 0.0,
  "ExpertLootSoulofLightIncrease": 0.0,
  "LootTallyCounterIncrease": 0.0,
  "LootBananarangIncrease": 0.3,
  "LootDualHookIncrease": 0.0,
  "LootMagicDaggerIncrease": 0.0,
  "LootTitanGloveIncrease": 0.0,
  "LootPhilosophersStoneIncrease": 0.0,
  "LootCrossNecklaceIncrease": 0.0,
  "LootStarCloakIncrease": 0.0,
  "LootDartRifleIncrease": 0.0,
  "LootWormHookIncrease": 0.0,
  "LootChainGuillotinesIncrease": 0.0,
  "LootClingerStaffIncrease": 0.0,
  "LootPutridScentIncrease": 0.0,
  "LootLifeDrainIncrease": 0.0,
  "LootDartPistolIncrease": 0.0,
  "LootFetidBaghnakhsIncrease": 0.0,
  "LootFleshKnucklesIncrease": 0.0,
  "LootTendonHookIncrease": 0.0,
  "LootDaedalusStormbowIncrease": 0.0,
  "LootFlyingKnifeIncrease": 0.0,
  "LootCrystalVileShardIncrease": 0.0,
  "LootIlluminantHookIncrease": 0.0,
  "LootBloodyMacheteIncrease": 0.0015,
  "LootRallyIncrease": 0.061,
  "LootFestiveWingsIncrease": 0.05,
  "LootBabyGrinchsMischiefWhistleIncrease": 0.05,
  "LootReindeerBellsIncrease": 0.0917,
  "LootPocketMirrorIncrease": 0.09,
  "ExpertLootPocketMirrorIncrease": 0.105,
  "LootMothronWingsIncrease": 0.05,
  "ExpertLootMothronWingsIncrease": 0.1381,
  "LootKOCannonIncrease": 0.001,
  "IceSlimeAndSpikedIceSlimeLootFishItem": 0.02,
  "TombCrawlerAndDuneSplicerLootPyramidChestItem": 0.1428,
  "HellBiomeModdedShadowBoxLoot": 0.02,
  "LootCompassIncrease": 0.0,
  "LootDepthMeterIncrease": 0.0,
  "SlimeStaffIncreaseToSurfaceSlimes": false,
  "SlimeStaffIncreaseToUndergroundSlimes": false,
  "SlimeStaffIncreaseToCavernSlimess": false,
  "SlimeStaffIncreaseToIceSpikedSlimes": true,
  "SlimeStaffIncreaseToSpikedJungleSlimes": true,
  "TravelingMerchantLifeformAnalyzerIncrease": 0.0367,
  "TravelingMerchantDPSMeterIncrease": 0.0367,
  "TravelingMerchantStopwatchIncrease": 0.0367,
  "TravelingMerchantMetalDetector": 0.0,
  "TravelingMerchantCelestialMagnetIncrease": 0.2,
  "TravelingMerchantAmmoBoxIncrease": 0.0233,
  "TravelingMerchantPaintSprayerIncrease": 0.2,
  "TravelingMerchantBrickLayerIncrease": 0.2,
  "TravelingMerchantPortableCementMixerIncrease": 0.2,
  "TravelingMerchantExtendoGripIncrease": 0.2,
  "TravelingMerchantGatligatorIncrease": 0.2,
  "TravelingMerchantPulseBowIncrease": 0.2,
  "TravelingMerchantSakeIncrease": 0.0,
  "TravelingMerchantPhoIncrease": 0.0,
  "TravelingMerchantPadThaiIncrease": 0.0,
  "TravelingMerchantUltraBrightTorchIncrease": 0.0,
  "TravelingMerchantMagicHatIncrease": 0.25,
  "TravelingMerchantGypsyRobeIncrease": 0.25,
  "TravelingMerchantGiIncrease": 0.0,
  "TravelingMerchantPresseratorIncrease": 0.0,
  "TravelingMerchantYellowCounterweightIncrease": 0.0134,
  "TravelingMerchantBlackCounterweightIncrease": 0.0,
  "TravelingMerchantSittingDucksFishingPoleIncrease": 0.0134,
  "TravelingMerchantKatanaIncrease": 0.2,
  "TravelingMerchantCode1Increase": 0.2,
  "TravelingMerchantRevolverIncrease": 0.0,
  "TravelingMerchantCode2Increase": 0.2,
  "TravelingMerchantRedTeamBlockIncrease": 0.0,
  "TravelingMerchantRedTeamPlatformIncrease": 0.0,
  "TravelingMerchantYellowTeamBlockIncrease": 0.0,
  "TravelingMerchantYellowTeamPlatformIncrease": 0.0,
  "TravelingMerchantGreenTeamBlockIncrease": 0.0,
  "TravelingMerchantGreenTeamPlatformIncrease": 0.0,
  "TravelingMerchantBlueTeamBlockIncrease": 0.0,
  "TravelingMerchantBlueTeamPlatformIncrease": 0.0,
  "TravelingMerchantPinkTeamBlockIncrease": 0.0,
  "TravelingMerchantPinkTeamPlatformIncrease": 0.0,
  "TravelingMerchantWhiteTeamBlockIncrease": 0.0,
  "TravelingMerchantWhiteTeamPlatformIncrease": 0.0,
  "TravelingMerchantDiamondRingIncrease": 0.2,
  "TravelingMerchantAngelHaloIncrease": 0.0967,
  "TravelingMerchantFezIncrease": 0.2,
  "TravelingMerchantWinterCapeIncrease": 0.2,
  "TravelingMerchantRedCapeIncrease": 0.2,
  "TravelingMerchantCrimsonCapeIncrease": 0.2,
  "TravelingMerchantMysteriousCapeIncrease": 0.2,
  "TravelingMerchantKimonoIncrease": 0.2,
  "TravelingMerchantWaterGunIncrease": 0.2,
  "TravelingMerchantCompanionCubeIncrease": 0.2,
  "TravelingMerchantChaliceIncrease": 0.0,
  "TravelingMerchantArcaneRuneWallIncrease": 0.2,
  "TravelingMerchantFancyDishesIncrease": 0.0,
  "TravelingMerchantDynastyWoodIncrease": 0.0,
  "TravelingMerchantRedDynastyShinglesIncrease": 0.0,
  "TravelingMerchantBlueDynastyShinglesIncrease": 0.0,
  "TravelingMerchantZebraSkinIncrease": 0.2,
  "TravelingMerchantLeopardSkinIncrease": 0.2,
  "TravelingMerchantTigerSkinIncrease": 0.2,
  "TravelingMerchantCastleMarsbergIncrease": 0.0,
  "TravelingMerchantMartiaLisaIncrease": 0.0,
  "TravelingMerchantTheTruthIsUpThereIncrease": 0.0,
  "TravelingMerchantNotAKidNorASquidIncrease": 0.0,
  "TravelingMerchantAcornsIncrease": 0.0,
  "TravelingMerchantColdSnapIncrease": 0.0,
  "TravelingMerchantCursedSaintIncrease": 0.0,
  "TravelingMerchantSnowfellasIncrease": 0.0,
  "TravelingMerchantTheSeasonIncrease": 0.0,
  "TravelingMerchantAlwaysXMasForConfigurations": false,
  "ChanceThatEnemyKillWillResetTravelingMerchant": 0.02,
  "QuestFishermansGuideIncrease": 0.025,
  "QuestWeatherRadioIncrease": 0.025,
  "QuestSextantIncrease": 0.025,
  "QuestAnglerHatIncrease": 0.05,
  "QuestAnglerVestIncrease": 0.05,
  "QuestAnglerPantsIncrease": 0.05,
  "QuestHighTestFishingLineIncrease": 0.025,
  "QuestAnglerEarringIncrease": 0.025,
  "QuestTackleBoxIncrease": 0.025,
  "QuestHardcoreFinWingsIncrease": 0.04,
  "QuestHardcoreBottomlessBucketIncrease": 0.04,
  "QuestHardcoreSuperAbsorbantSpongeIncrease": 0.086,
  "QuestHardcoreHotlineFishingHookIncrease": 0.086,
  "QuestGoldenFishingRodIncrease": 0.0,
  "QuestCoralstoneBlockIncrease": 0.04,
  "QuestTrophyIncrease": 0.01,
  "QuestDecorativeFurnitureIncrease": 0.04,
  "QuestGoldenBugNetIncrease": 0.012,
  "QuestFishHookIncrease": 0.033,
  "WitchDoctorSellsSeaweed": false,
  "WitchDoctorSellsFlowerBoots": false,
  "WitchDoctorSellsHoneyDispenser": false,
  "WitchDoctorSellsStaffofRegrowth": false,
  "MechanicSellsDartTrapAfterSkeletronDefeated": true,
  "MechanicSellsGeyserAfterWallofFleshDefeated": true,
  "MechanicSellsLihzahrdTrapsAfterGolemDefeated": true,
  "MechanicSellsWoodenSpikesAfterGolemDefeated": false,
  "MerchantSellsFishItem": false,
  "MerchantSellsPyramidItems": false,
  "MerchantSellsCloudInABottleWhenInSky": false,
  "MerchantSellsBlizzardInABottleWhenInSnow": false,
  "MerchantSellsSandstormInABottleWhenInDesert": false,
  "ChestSalesmanSpawnable": true,
  "ChestSalesmanPreHardmodeChestsRequireHardmodeActivated": false,
  "ChestSalesmanSellsGoldChest": true,
  "ChestSalesmanSellsIceChest": true,
  "ChestSalesmanSellsIvyChest": true,
  "ChestSalesmanSellsLihzahrdChest": true,
  "ChestSalesmanSellsLivingWoodChest": false,
  "ChestSalesmanSellsSkywareChest": true,
  "ChestSalesmanSellsOceanChest": true,
  "ChestSalesmanSellsWebCoveredChest": true,
  "ChestSalesmanSellsShadowChest": true,
  "ChestSalesmanSellsBiomeChest": true,
  "EnchantedSwordRecipe": true,
  "ArkhalisRecipe": true,
  "UseEnchangedSwordInNightsEdgeRecipe": true,
  "UseArkhalisInNightsEdgeRecipe": true,
  "UseCloudinaBottleRecipe": true,
  "UseBlizzardinaBottleRecipe": true,
  "UseSandstorminaBottleRecipe": true,
  "UseCustomCelestialSigilRecipe": true,
  "CustomCelestialSigilEachLunarFragmentCost": true,
  "UseChlorophyteAcceleratorRecipe": true,
  "ChlorophyteAcceleratorHallowedBarCost": 0,
  "ChlorophyteAcceleratorLihzahrdBrickCost": 10,
  "ChlorophyteAcceleratorWireCost": 10,
  "ChlorophyteAcceleratorChlorophyteOreCost": 1,
  "ChlorophyteAcceleratorHallowedBarInput": 0,
  "ChlorophyteAcceleratorMudBlockInput": 60,
  "ChlorophyteAcceleratorLihzahrdPowerCellInput": 1,
  "ChlorophyteAcceleratorChlorophyteOreOutput": 60,
  "UseTimePotionRecipe": true,
  "TimePotionNeonTetraCost": 1,
  "TimePotionGlowingMushroomCost": 1,
  "LivingWoodChestRecipe": true,
  "HermesBootsRecipe": true,
  "HermesBootsSilkCost": 46,
  "HermesBootsSwiftnessPotionCost": 4,
  "LavaCharmRecipe": true,
  "LavaCharmFireblossomCost": 1,
  "LavaCharmWaterleafCost": 1,
  "LavaCharmHellstoneBarCost": 15,
  "ExpertChangePotionRecipe_SET_TO_FALSE_IF_YOU_THINK_PLAYERS_MIGHT_ABUSE_THIS": true,
  "ExpertChangePotionMushroomCost": 1,
  "ExpertChangePotionGlowingMushroomCost": 1,
  "CrateDowngradeRecipes": true,
  "UseRainPotionRecipe": true,
  "RainPotionWaterleafCost": 1,
  "RainPotionRainCloudCost": 1,
  "UseSlimeRainPotionRecipe": true,
  "SlimeRainPotionRainPotionCost": 1,
  "SlimeRainPotionWaterleafCost": 0,
  "SlimeRainPotionRainCloudCost": 0,
  "SlimeRainPotionGelCost": 1,
  "UseSandstormPotionRecipe": true,
  "SandstormPotionBlinkrootCost": 1,
  "SandstormPotionSandBlockCost": 1,
  "UseAnglerPotionRecipe": true,
  "AnglerPotionSpecularFishCost": 1,
  "AnglerPotionMoonglowCost": 1,
  "BattlePotionSpawnrateMultiplier": 1.0,
  "BattlePotionMaxSpawnsMultiplier": 1.0,
  "UseWarPotionRecipe": true,
  "WarPotionSpawnrateMultiplier": 10.0,
  "WarPotionMaxSpawnsMultiplier": 10.0,
  "WarPotionPowderCost": 5,
  "WarPotionDurationInFrames": 25200,
  "NewCharacterMiningPotions": 3,
  "NewCharacterCopperBars": 0,
  "NewCharacterIronBars": 0,
  "NewCharacterSilverBars": 0,
  "NewCharacterGoldBars": 0,
  "NewCharacterBarrels": 0,
  "NewCharacterCopperCoins": 0,
  "NewCharacterSilverCoins": 0,
  "NewCharacterGoldCoins": 0,
  "NewCharacterPlatinumCoins": 0,
  "NewCharacterWarPotions": 0,
  "ExtractinatorGivesAmberMosquito": 0.0014,
  "ExtractinatorGivesDiamond": 0.0,
  "ExtractinatorGivesRuby": 0.0,
  "ExtractinatorGivesEmerald": 0.0,
  "ExtractinatorGivesSapphire": 0.0,
  "ExtractinatorGivesTopaz": 0.0,
  "ExtractinatorGivesAmethyst": 0.0,
  "ExtractinatorGivesAmber": 0.0,
  "ExtractinatorGivesGoldOre": 0.0,
  "ExtractinatorGivesPlatinumOre": 0.0,
  "ExtractinatorGivesFossilOre": 0.0,
  "ExtractinatorGivesSilverOre": 0.0,
  "ExtractinatorGivesTungstenOre": 0.0,
  "ExtractinatorGivesIronOre": 0.0,
  "ExtractinatorGivesLeadOre": 0.0,
  "ExtractinatorGivesCopperOre": 0.0,
  "ExtractinatorGivesTinOre": 0.0,
  "ExtractinatorGivesPlatinumCoin": 0.0,
  "ExtractinatorGivesGoldCoin": 0.0,
  "ExtractinatorGivesSilverCoin": 0.0,
  "ExtractinatorGivesCopperCoin": 0.0,
  "FishCatchBecomesGoldenCarp": 0.0,
  "FishCatchBecomesBlueJellyfish": 0.01,
  "FishCatchBecomesPinkJellyfish": 0.01,
  "FishCatchBecomesGreenJellyfish": 0.01,
  "FishCatchBecomesChaosFish": 0.0,
  "FishCatchBecomesReaverSharkBeforeEyeOfCthulhuEaterOfWorldsAndSkeletronDowned": 0.0,
  "FishCatchBecomesReaverSharkAfterEyeOfCthulhuEaterOfWorldsAndSkeletronDowned": 0.02,
  "FishCatchBecomesReaverSharkAfterAllMechBossesDowned": 0.0,
  "FishCatchBecomesSawtoothSharkBeforeEyeOfCthulhuEaterOfWorldsAndSkeletronDowned": 0.0,
  "FishCatchBecomesSawtoothSharkAfterEyeOfCthulhuEaterOfWorldsAndSkeletronDowned": 0.02,
  "FishCatchBecomesSawtoothSharkAfterAllMechBossesDowned": 0.0,
  "FishCatchBecomesScalyTruffle": 0.05,
  "FishCatchBecomesZephyrFish": 0.01,
  "FishCatchBecomesToxikarp": 0.02,
  "FishCatchBecomesBladetongue": 0.02,
  "FishCatchBecomesCrystalSerpent": 0.02,
  "FishCatchBecomesPurpleClubberfish": 0.0,
  "FishCatchBecomesRockfish": 0.0,
  "FishCatchBecomesFrogLeg": 0.01,
  "FishCatchBecomesSwordfish": 0.0,
  "FishCatchBecomesBalloonPufferfish": 0.01,
  "FishCatchBecomesFrostDaggerfish": 0.0,
  "FishCatchBecomesWoodenCrate": 0.0,
  "FishCatchBecomesIronCrate": 0.0,
  "FishCatchBecomesJungleCrate": 0.0,
  "FishCatchBecomesSkyCrate": 0.0,
  "FishCatchBecomesCorruptCrate": 0.0,
  "FishCatchBecomesCrimsonCrate": 0.0,
  "FishCatchBecomesHallowedCrate": 0.0,
  "FishCatchBecomesDungeonCrate": 0.0,
  "FishCatchBecomesGoldenCrate": 0.0,
  "CrateUpgradesDependingOnFishingPower": true,
  "DropTriesForAllEnemyDroppedLoot": 1
}